acquéreur,/akeʁœʁ/,acquérir,/akeʁiʁ/
agent,/aʒɑ̃/,agit,/aʒi/
ainsi,/ɛ̃si/,ici,/isi/
aisé,/ɛze/,osé,/oze/
ait,/ɛ/,a,/a/
ait,/ɛ/,e,/ə/
ait,/ɛ/,et,/e/
ait,/ɛ/,i,/i/
ait,/ɛ/,o,/o/
ait,/ɛ/,on,/ɔ̃/
ait,/ɛ/,ou,/u/
ait,/ɛ/,u,/y/
ait,/ɛ/,un,/œ̃/
allait,/alɛ/,aller,/ale/
allant,/alɑ̃/,allait,/alɛ/
allons,/alɔ̃/,allait,/alɛ/
allons,/alɔ̃/,allant,/alɑ̃/
allure,/alyʁ/,alors,/alɔʁ/
ambitieux,/ɑ̃bisjø/,ambition,/ɑ̃bisjɔ̃/
art,/aʁ/,or,/ɔʁ/
art,/aʁ/,r,/ɛʁ/
aura,/oʁa/,ira,/iʁa/
aussi,/osi/,ainsi,/ɛ̃si/
aussi,/osi/,assis,/asi/
autour,/otuʁ/,auteur,/otœʁ/
avait,/avɛ/,avez,/ave/
avant,/avɑ̃/,avait,/avɛ/
avant,/avɑ̃/,avez,/ave/
avis,/avi/,avez,/ave/
avons,/avɔ̃/,avait,/avɛ/
avons,/avɔ̃/,avant,/avɑ̃/
avons,/avɔ̃/,avez,/ave/
avoue,/avu/,avait,/avɛ/
avoue,/avu/,avant,/avɑ̃/
avoue,/avu/,avez,/ave/
axe,/aks/,x,/iks/
axé,/akse/,axa,/aksa/
bain,/bɛ̃/,b,/be/
bain,/bɛ̃/,bas,/ba/
bain,/bɛ̃/,bon,/bɔ̃/
bain,/bɛ̃/,by,/bi/
bas,/ba/,b,/be/
bas,/ba/,by,/bi/
basse,/bas/,bus,/bys/
beau,/bo/,b,/be/
beau,/bo/,bain,/bɛ̃/
beau,/bo/,bas,/ba/
beau,/bo/,bon,/bɔ̃/
beau,/bo/,by,/bi/
belle,/bɛl/,balle,/bal/
beurre,/bœʁ/,bar,/baʁ/
beurre,/bœʁ/,bord,/bɔʁ/
biais,/bjɛ/,bien,/bjɛ̃/
blanc,/blɑ̃/,bleu,/blø/
bombe,/bɔ̃b/,bob,/bɔb/
bon,/bɔ̃/,b,/be/
bon,/bɔ̃/,bas,/ba/
bon,/bɔ̃/,by,/bi/
bonne,/bɔn/,ben,/bɛn/
bord,/bɔʁ/,bar,/baʁ/
boule,/bul/,balle,/bal/
boule,/bul/,belle,/bɛl/
bout,/bu/,b,/be/
bout,/bu/,bain,/bɛ̃/
bout,/bu/,bas,/ba/
bout,/bu/,beau,/bo/
bout,/bu/,bon,/bɔ̃/
bout,/bu/,by,/bi/
bouton,/butɔ̃/,béton,/betɔ̃/
brin,/bʁɛ̃/,bras,/bʁa/
brun,/bʁœ̃/,bras,/bʁa/
brun,/bʁœ̃/,brin,/bʁɛ̃/
but,/byt/,bit,/bit/
by,/bi/,b,/be/
cachet,/kaʃɛ/,cacher,/kaʃe/
camp,/kɑ̃/,q,/ky/
camp,/kɑ̃/,que,/kə/
camp,/kɑ̃/,qui,/ki/
capot,/kapo/,campo,/kɑ̃po/
ce,/sə/,c,/se/
cent,/sɑ̃/,c,/se/
cent,/sɑ̃/,ce,/sə/
cent,/sɑ̃/,sa,/sa/
cent,/sɑ̃/,si,/si/
cent,/sɑ̃/,son,/sɔ̃/
cent,/sɑ̃/,su,/sy/
cesse,/sɛs/,sens,/sɑ̃s/
cesser,/sɛse/,censé,/sɑ̃se/
ceux,/sø/,c,/se/
ceux,/sø/,ce,/sə/
ceux,/sø/,cent,/sɑ̃/
ceux,/sø/,sa,/sa/
ceux,/sø/,si,/si/
ceux,/sø/,son,/sɔ̃/
ceux,/sø/,su,/sy/
champ,/ʃɑ̃/,chat,/ʃa/
champ,/ʃɑ̃/,chez,/ʃe/
chaque,/ʃak/,choc,/ʃɔk/
chaud,/ʃo/,champ,/ʃɑ̃/
chaud,/ʃo/,chat,/ʃa/
cheveux,/ʃəvø/,chevaux,/ʃəvo/
chez,/ʃe/,chat,/ʃa/
choc,/ʃɔk/,chic,/ʃik/
cinq,/sɛ̃k/,sac,/sak/
cinq,/sɛ̃k/,sec,/sɛk/
clan,/klɑ̃/,clé,/kle/
clos,/klo/,clan,/klɑ̃/
clos,/klo/,clé,/kle/
colis,/kɔli/,colin,/kɔlɛ̃/
colle,/kɔl/,quel,/kɛl/
comment,/kɔmɑ̃/,commun,/kɔmœ̃/
commun,/kɔmœ̃/,commis,/kɔmi/
comptait,/kɔ̃tɛ/,cotait,/kɔtɛ/
compter,/kɔ̃te/,coté,/kɔte/
conte,/kɔ̃t/,cote,/kɔt/
conteneurs,/kɔ̃tnœʁ/,contenir,/kɔ̃tniʁ/
corée,/kɔʁe/,carré,/kaʁe/
cotait,/kɔtɛ/,coté,/kɔte/
coup,/ku/,camp,/kɑ̃/
coup,/ku/,q,/ky/
coup,/ku/,que,/kə/
coup,/ku/,qui,/ki/
coupe,/kup/,cap,/kap/
coureurs,/kuʁœʁ/,courir,/kuʁiʁ/
court,/kuʁ/,cœur,/kœʁ/
craint,/kʁɛ̃/,cran,/kʁɑ̃/
craint,/kʁɛ̃/,creux,/kʁø/
craint,/kʁɛ̃/,cru,/kʁy/
craint,/kʁɛ̃/,crée,/kʁe/
cran,/kʁɑ̃/,cri,/kʁi/
cran,/kʁɑ̃/,cru,/kʁy/
creux,/kʁø/,cran,/kʁɑ̃/
creux,/kʁø/,cri,/kʁi/
creux,/kʁø/,cru,/kʁy/
creux,/kʁø/,crée,/kʁe/
cru,/kʁy/,cri,/kʁi/
crée,/kʁe/,cran,/kʁɑ̃/
crée,/kʁe/,cri,/kʁi/
crée,/kʁe/,cru,/kʁy/
cuit,/kɥi/,cri,/kʁi/
cure,/kyʁ/,car,/kaʁ/
cure,/kyʁ/,cœur,/kœʁ/
cœur,/kœʁ/,car,/kaʁ/
de,/də/,d,/de/
dent,/dɑ̃/,d,/de/
dent,/dɑ̃/,de,/də/
dent,/dɑ̃/,die,/di/
dent,/dɑ̃/,don,/dɔ̃/
dent,/dɑ̃/,dos,/do/
dent,/dɑ̃/,du,/dy/
deux,/dø/,d,/de/
deux,/dø/,de,/də/
deux,/dø/,dent,/dɑ̃/
deux,/dø/,die,/di/
deux,/dø/,don,/dɔ̃/
deux,/dø/,dos,/do/
deux,/dø/,du,/dy/
die,/di/,d,/de/
die,/di/,de,/də/
die,/di/,du,/dy/
dire,/diʁ/,der,/dɛʁ/
dite,/dit/,date,/dat/
don,/dɔ̃/,d,/de/
don,/dɔ̃/,de,/də/
don,/dɔ̃/,die,/di/
don,/dɔ̃/,du,/dy/
dos,/do/,d,/de/
dos,/do/,de,/də/
dos,/do/,die,/di/
dos,/do/,don,/dɔ̃/
dos,/do/,du,/dy/
douce,/dus/,danse,/dɑ̃s/
doute,/dut/,dette,/dɛt/
douter,/dute/,doter,/dɔte/
douteux,/dutø/,douter,/dute/
doux,/du/,d,/de/
doux,/du/,de,/də/
doux,/du/,dent,/dɑ̃/
doux,/du/,deux,/dø/
doux,/du/,die,/di/
doux,/du/,don,/dɔ̃/
doux,/du/,dos,/do/
doux,/du/,du,/dy/
du,/dy/,d,/de/
du,/dy/,de,/də/
dur,/dyʁ/,der,/dɛʁ/
durer,/dyʁe/,doré,/dɔʁe/
défunt,/defœ̃/,défaut,/defo/
défunt,/defœ̃/,défend,/defɑ̃/
défunt,/defœ̃/,défi,/defi/
e,/ə/,a,/a/
enfin,/ɑ̃fɛ̃/,afin,/afɛ̃/
entre,/ɑ̃tʁ/,autre,/otʁ/
envie,/ɑ̃vi/,avis,/avi/
et,/e/,a,/a/
et,/e/,e,/ə/
et,/e/,i,/i/
et,/e/,o,/o/
et,/e/,u,/y/
eux,/ø/,a,/a/
eux,/ø/,ait,/ɛ/
eux,/ø/,e,/ə/
eux,/ø/,et,/e/
eux,/ø/,i,/i/
eux,/ø/,o,/o/
eux,/ø/,on,/ɔ̃/
eux,/ø/,ou,/u/
eux,/ø/,u,/y/
eux,/ø/,un,/œ̃/
facture,/faktyʁ/,facteur,/faktœʁ/
faire,/fɛʁ/,fort,/fɔʁ/
fait,/fɛ/,feu,/fø/
fait,/fɛ/,fin,/fɛ̃/
fait,/fɛ/,fou,/fu/
fait,/fɛ/,fut,/fy/
faute,/fot/,faite,/fɛt/
faux,/fo/,fait,/fɛ/
faux,/fo/,feu,/fø/
faux,/fo/,fin,/fɛ̃/
faux,/fo/,fou,/fu/
faux,/fo/,fut,/fy/
feuille,/fœj/,faille,/faj/
feuille,/fœj/,fille,/fij/
fin,/fɛ̃/,feu,/fø/
flou,/flu/,flot,/flo/
flux,/fly/,flot,/flo/
flux,/fly/,flou,/flu/
folle,/fɔl/,file,/fil/
fond,/fɔ̃/,fait,/fɛ/
fond,/fɔ̃/,faux,/fo/
fond,/fɔ̃/,feu,/fø/
fond,/fɔ̃/,fin,/fɛ̃/
fond,/fɔ̃/,fou,/fu/
fond,/fɔ̃/,fut,/fy/
forme,/fɔʁm/,ferme,/fɛʁm/
forme,/fɔʁm/,firme,/fiʁm/
fort,/fɔʁ/,fur,/fyʁ/
fou,/fu/,feu,/fø/
fou,/fu/,fin,/fɛ̃/
foule,/ful/,folle,/fɔl/
four,/fuʁ/,fort,/fɔʁ/
four,/fuʁ/,fur,/fyʁ/
franc,/fʁɑ̃/,frais,/fʁɛ/
frein,/fʁɛ̃/,frais,/fʁɛ/
frein,/fʁɛ̃/,franc,/fʁɑ̃/
front,/fʁɔ̃/,frais,/fʁɛ/
front,/fʁɔ̃/,franc,/fʁɑ̃/
front,/fʁɔ̃/,frein,/fʁɛ̃/
fut,/fy/,feu,/fø/
fut,/fy/,fin,/fɛ̃/
fut,/fy/,fou,/fu/
genre,/ʒɑ̃ʁ/,jour,/ʒuʁ/
grain,/ɡʁɛ̃/,gris,/ɡʁi/
grain,/ɡʁɛ̃/,gros,/ɡʁo/
grain,/ɡʁɛ̃/,gré,/ɡʁe/
grand,/ɡʁɑ̃/,grain,/ɡʁɛ̃/
grand,/ɡʁɑ̃/,gros,/ɡʁo/
grand,/ɡʁɑ̃/,gré,/ɡʁe/
grandeur,/ɡʁɑ̃dœʁ/,grandir,/ɡʁɑ̃diʁ/
gras,/ɡʁa/,gré,/ɡʁe/
gros,/ɡʁo/,gras,/ɡʁa/
gros,/ɡʁo/,gris,/ɡʁi/
gros,/ɡʁo/,gré,/ɡʁe/
groupe,/ɡʁup/,grimpe,/ɡʁɛ̃p/
généreux,/ʒeneʁø/,généraux,/ʒeneʁo/
havas,/ava/,avons,/avɔ̃/
heure,/œʁ/,art,/aʁ/
heure,/œʁ/,or,/ɔʁ/
heure,/œʁ/,r,/ɛʁ/
héros,/eʁo/,euro,/øʁo/
i,/i/,a,/a/
i,/i/,e,/ə/
il,/il/,l,/ɛl/
inde,/ɛ̃d/,aide,/ɛd/
invite,/ɛ̃vit/,évite,/evit/
j,/ʒi/,g,/ʒe/
jan,/ʒɑ̃/,g,/ʒe/
jan,/ʒɑ̃/,j,/ʒi/
jan,/ʒɑ̃/,je,/ʒə/
je,/ʒə/,g,/ʒe/
je,/ʒə/,j,/ʒi/
jeanne,/ʒan/,jeune,/ʒœn/
jet,/ʒɛ/,g,/ʒe/
jet,/ʒɛ/,j,/ʒi/
jet,/ʒɛ/,jan,/ʒɑ̃/
jet,/ʒɛ/,je,/ʒə/
jeu,/ʒø/,g,/ʒe/
jeu,/ʒø/,j,/ʒi/
jeu,/ʒø/,jan,/ʒɑ̃/
jeu,/ʒø/,je,/ʒə/
jeu,/ʒø/,jet,/ʒɛ/
jeudi,/ʒødi/,jadis,/ʒadi/
jeune,/ʒœn/,jaune,/ʒon/
joue,/ʒu/,g,/ʒe/
joue,/ʒu/,j,/ʒi/
joue,/ʒu/,jan,/ʒɑ̃/
joue,/ʒu/,je,/ʒə/
joue,/ʒu/,jet,/ʒɛ/
joue,/ʒu/,jeu,/ʒø/
joue,/ʒu/,jus,/ʒy/
jouet,/ʒwɛ/,joint,/ʒwɛ̃/
julie,/ʒyli/,joli,/ʒɔli/
jus,/ʒy/,g,/ʒe/
jus,/ʒy/,j,/ʒi/
jus,/ʒy/,jan,/ʒɑ̃/
jus,/ʒy/,je,/ʒə/
jus,/ʒy/,jet,/ʒɛ/
jus,/ʒy/,jeu,/ʒø/
klein,/klɛ̃/,clan,/klɑ̃/
klein,/klɛ̃/,clos,/klo/
klein,/klɛ̃/,clé,/kle/
lait,/lɛ/,la,/la/
lait,/lɛ/,le,/lə/
lait,/lɛ/,lin,/lɛ̃/
lait,/lɛ/,lit,/li/
lait,/lɛ/,lot,/lo/
lait,/lɛ/,lu,/ly/
laquelle,/lakɛl/,lequel,/ləkɛl/
le,/lə/,la,/la/
lecture,/lɛktyʁ/,lecteur,/lɛktœʁ/
lent,/lɑ̃/,la,/la/
lent,/lɑ̃/,lait,/lɛ/
lent,/lɑ̃/,le,/lə/
lent,/lɑ̃/,lin,/lɛ̃/
lent,/lɑ̃/,lit,/li/
lent,/lɑ̃/,lot,/lo/
lent,/lɑ̃/,lu,/ly/
lesquels,/lekɛl/,lequel,/ləkɛl/
lever,/ləve/,laver,/lave/
lien,/ljɛ̃/,lié,/lje/
lieu,/ljø/,lien,/ljɛ̃/
lieu,/ljø/,lié,/lje/
lin,/lɛ̃/,la,/la/
lin,/lɛ̃/,le,/lə/
lin,/lɛ̃/,lu,/ly/
lion,/ljɔ̃/,lien,/ljɛ̃/
lion,/ljɔ̃/,lieu,/ljø/
lion,/ljɔ̃/,lié,/lje/
lire,/liʁ/,leur,/lœʁ/
lit,/li/,la,/la/
lit,/li/,le,/lə/
lit,/li/,lin,/lɛ̃/
lit,/li/,lu,/ly/
loger,/lɔʒe/,léger,/leʒe/
loin,/lwɛ̃/,loi,/lwa/
long,/lɔ̃/,la,/la/
long,/lɔ̃/,lait,/lɛ/
long,/lɔ̃/,le,/lə/
long,/lɔ̃/,lent,/lɑ̃/
long,/lɔ̃/,lin,/lɛ̃/
long,/lɔ̃/,lit,/li/
long,/lɔ̃/,lot,/lo/
long,/lɔ̃/,lu,/ly/
look,/luk/,lac,/lak/
lors,/lɔʁ/,leur,/lœʁ/
lors,/lɔʁ/,lire,/liʁ/
lot,/lo/,la,/la/
lot,/lo/,le,/lə/
lot,/lo/,lin,/lɛ̃/
lot,/lo/,lit,/li/
lot,/lo/,lu,/ly/
louis,/lwi/,lui,/lɥi/
loup,/lu/,la,/la/
loup,/lu/,lait,/lɛ/
loup,/lu/,le,/lə/
loup,/lu/,lent,/lɑ̃/
loup,/lu/,lin,/lɛ̃/
loup,/lu/,lit,/li/
loup,/lu/,long,/lɔ̃/
loup,/lu/,lot,/lo/
loup,/lu/,lu,/ly/
lourd,/luʁ/,leur,/lœʁ/
lourd,/luʁ/,lors,/lɔʁ/
lu,/ly/,la,/la/
lu,/ly/,le,/lə/
législature,/leʒislatyʁ/,législateur,/leʒislatœʁ/
mai,/mɛ/,ma,/ma/
mai,/mɛ/,me,/mə/
main,/mɛ̃/,ma,/ma/
main,/mɛ̃/,mai,/mɛ/
main,/mɛ̃/,me,/mə/
main,/mɛ̃/,mis,/mi/
main,/mɛ̃/,mon,/mɔ̃/
main,/mɛ̃/,mot,/mo/
marc,/maʁ/,mer,/mɛʁ/
marc,/maʁ/,mur,/myʁ/
me,/mə/,ma,/ma/
mener,/məne/,menu,/məny/
meuse,/møz/,mise,/miz/
million,/miljɔ̃/,milieu,/miljø/
mis,/mi/,ma,/ma/
mis,/mi/,mai,/mɛ/
mis,/mi/,me,/mə/
mon,/mɔ̃/,ma,/ma/
mon,/mɔ̃/,mai,/mɛ/
mon,/mɔ̃/,me,/mə/
mon,/mɔ̃/,mis,/mi/
monde,/mɔ̃d/,mode,/mɔd/
mort,/mɔʁ/,marc,/maʁ/
mort,/mɔʁ/,mer,/mɛʁ/
mort,/mɔʁ/,mur,/myʁ/
mot,/mo/,ma,/ma/
mot,/mo/,mai,/mɛ/
mot,/mo/,me,/mə/
mot,/mo/,mis,/mi/
mot,/mo/,mon,/mɔ̃/
mousse,/mus/,mince,/mɛ̃s/
mur,/myʁ/,mer,/mɛʁ/
mœurs,/mœʁ/,marc,/maʁ/
mœurs,/mœʁ/,mer,/mɛʁ/
mœurs,/mœʁ/,mort,/mɔʁ/
mœurs,/mœʁ/,mur,/myʁ/
neutre,/nøtʁ/,notre,/nɔtʁ/
nez,/ne/,ne,/nə/
nez,/ne/,ni,/ni/
nez,/ne/,nu,/ny/
ni,/ni/,ne,/nə/
non,/nɔ̃/,ne,/nə/
non,/nɔ̃/,nez,/ne/
non,/nɔ̃/,ni,/ni/
non,/nɔ̃/,nu,/ny/
nos,/no/,ne,/nə/
nos,/no/,nez,/ne/
nos,/no/,ni,/ni/
nos,/no/,non,/nɔ̃/
nos,/no/,nu,/ny/
note,/nɔt/,net,/nɛt/
nous,/nu/,ne,/nə/
nous,/nu/,nez,/ne/
nous,/nu/,ni,/ni/
nous,/nu/,non,/nɔ̃/
nous,/nu/,nos,/no/
nous,/nu/,nu,/ny/
nu,/ny/,ne,/nə/
nu,/ny/,ni,/ni/
o,/o/,a,/a/
o,/o/,e,/ə/
o,/o/,i,/i/
on,/ɔ̃/,a,/a/
on,/ɔ̃/,e,/ə/
on,/ɔ̃/,et,/e/
on,/ɔ̃/,i,/i/
on,/ɔ̃/,o,/o/
on,/ɔ̃/,u,/y/
ondes,/ɔ̃d/,aide,/ɛd/
ondes,/ɔ̃d/,inde,/ɛ̃d/
onze,/ɔ̃z/,ose,/oz/
opposition,/ɔpozisjɔ̃/,imposition,/ɛ̃pozisjɔ̃/
or,/ɔʁ/,r,/ɛʁ/
ou,/u/,a,/a/
ou,/u/,e,/ə/
ou,/u/,et,/e/
ou,/u/,i,/i/
ou,/u/,o,/o/
ou,/u/,on,/ɔ̃/
ou,/u/,u,/y/
ouvre,/uvʁ/,œuvre,/œvʁ/
pain,/pɛ̃/,p,/pe/
pain,/pɛ̃/,pas,/pa/
pain,/pɛ̃/,peu,/pø/
pain,/pɛ̃/,pis,/pi/
pain,/pɛ̃/,pu,/py/
pair,/pɛʁ/,par,/paʁ/
paix,/pɛ/,p,/pe/
paix,/pɛ/,pain,/pɛ̃/
paix,/pɛ/,pas,/pa/
paix,/pɛ/,peu,/pø/
paix,/pɛ/,pis,/pi/
paix,/pɛ/,pu,/py/
parfait,/paʁfɛ/,parfum,/paʁfœ̃/
pas,/pa/,p,/pe/
pas,/pa/,pu,/py/
peau,/po/,p,/pe/
peau,/po/,pain,/pɛ̃/
peau,/po/,paix,/pɛ/
peau,/po/,pas,/pa/
peau,/po/,peu,/pø/
peau,/po/,pis,/pi/
peau,/po/,pu,/py/
penche,/pɑ̃ʃ/,poche,/pɔʃ/
peu,/pø/,p,/pe/
peu,/pø/,pas,/pa/
peu,/pø/,pu,/py/
peur,/pœʁ/,pair,/pɛʁ/
peur,/pœʁ/,par,/paʁ/
pile,/pil/,paul,/pɔl/
pire,/piʁ/,pair,/pɛʁ/
pire,/piʁ/,peur,/pœʁ/
pis,/pi/,p,/pe/
pis,/pi/,pas,/pa/
pis,/pi/,peu,/pø/
pis,/pi/,pu,/py/
plat,/pla/,plan,/plɑ̃/
plein,/plɛ̃/,plan,/plɑ̃/
plein,/plɛ̃/,plus,/ply/
plomb,/plɔ̃/,plan,/plɑ̃/
plomb,/plɔ̃/,plat,/pla/
plus,/ply/,plan,/plɑ̃/
plus,/ply/,plat,/pla/
pompe,/pɔ̃p/,pape,/pap/
pont,/pɔ̃/,p,/pe/
pont,/pɔ̃/,pain,/pɛ̃/
pont,/pɔ̃/,paix,/pɛ/
pont,/pɔ̃/,pas,/pa/
pont,/pɔ̃/,peau,/po/
pont,/pɔ̃/,peu,/pø/
pont,/pɔ̃/,pis,/pi/
pont,/pɔ̃/,pu,/py/
port,/pɔʁ/,pair,/pɛʁ/
port,/pɔʁ/,par,/paʁ/
port,/pɔʁ/,peur,/pœʁ/
port,/pɔʁ/,pire,/piʁ/
poser,/poze/,peser,/pəze/
poste,/pɔst/,piste,/pist/
pour,/puʁ/,pair,/pɛʁ/
pour,/puʁ/,par,/paʁ/
pour,/puʁ/,peur,/pœʁ/
pour,/puʁ/,pire,/piʁ/
pour,/puʁ/,port,/pɔʁ/
pourtant,/puʁtɑ̃/,portant,/pɔʁtɑ̃/
prend,/pʁɑ̃/,pro,/pʁo/
prenons,/pʁənɔ̃/,prénom,/pʁenɔ̃/
princesse,/pʁɛ̃sɛs/,process,/pʁɔsɛs/
prix,/pʁi/,pro,/pʁo/
procéder,/pʁɔsede/,précédé,/pʁesede/
prouve,/pʁuv/,preuve,/pʁœv/
provient,/pʁɔvjɛ̃/,prévient,/pʁevjɛ̃/
provision,/pʁɔvizjɔ̃/,prévision,/pʁevizjɔ̃/
pu,/py/,p,/pe/
puis,/pɥi/,prix,/pʁi/
pure,/pyʁ/,pair,/pɛʁ/
pure,/pyʁ/,par,/paʁ/
pure,/pyʁ/,peur,/pœʁ/
pure,/pyʁ/,port,/pɔʁ/
pure,/pyʁ/,pour,/puʁ/
pureté,/pyʁte/,porter,/pɔʁte/
quai,/kɛ/,camp,/kɑ̃/
quai,/kɛ/,coup,/ku/
quai,/kɛ/,q,/ky/
quai,/kɛ/,que,/kə/
quai,/kɛ/,qui,/ki/
que,/kə/,q,/ky/
queue,/kø/,camp,/kɑ̃/
queue,/kø/,coup,/ku/
queue,/kø/,q,/ky/
queue,/kø/,quai,/kɛ/
queue,/kø/,que,/kə/
queue,/kø/,qui,/ki/
qui,/ki/,q,/ky/
qui,/ki/,que,/kə/
quoi,/kwa/,coin,/kwɛ̃/
rapport,/ʁapɔʁ/,report,/ʁəpɔʁ/
rapporter,/ʁapɔʁte/,reporter,/ʁəpɔʁte/
rapproche,/ʁapʁɔʃ/,reproche,/ʁəpʁɔʃ/
recours,/ʁəkuʁ/,record,/ʁəkɔʁ/
religieux,/ʁəliʒjø/,religion,/ʁəliʒjɔ̃/
rempli,/ʁɑ̃pli/,repli,/ʁəpli/
remporter,/ʁɑ̃pɔʁte/,reporter,/ʁəpɔʁte/
rend,/ʁɑ̃/,riz,/ʁi/
rend,/ʁɑ̃/,rue,/ʁy/
ressent,/ʁəsɑ̃/,récent,/ʁesɑ̃/
rond,/ʁɔ̃/,rend,/ʁɑ̃/
rond,/ʁɔ̃/,riz,/ʁi/
rond,/ʁɔ̃/,rue,/ʁy/
roue,/ʁu/,rend,/ʁɑ̃/
roue,/ʁu/,riz,/ʁi/
roue,/ʁu/,rond,/ʁɔ̃/
réserve,/ʁezɛʁv/,reserve,/ʁəzɛʁv/
sa,/sa/,c,/se/
sa,/sa/,ce,/sə/
sais,/sɛ/,c,/se/
sais,/sɛ/,ce,/sə/
sais,/sɛ/,cent,/sɑ̃/
sais,/sɛ/,ceux,/sø/
sais,/sɛ/,sa,/sa/
sais,/sɛ/,son,/sɔ̃/
salle,/sal/,seul,/sœl/
salle,/sal/,sol,/sɔl/
sambre,/sɑ̃bʁ/,sobre,/sɔbʁ/
sauce,/sos/,cesse,/sɛs/
sauce,/sos/,sens,/sɑ̃s/
saurait,/sɔʁɛ/,serait,/səʁɛ/
saut,/so/,c,/se/
saut,/so/,ce,/sə/
saut,/so/,cent,/sɑ̃/
saut,/so/,ceux,/sø/
saut,/so/,sa,/sa/
saut,/so/,sais,/sɛ/
saut,/so/,son,/sɔ̃/
saut,/so/,su,/sy/
sculpture,/skyltyʁ/,sculpteur,/skyltœʁ/
sec,/sɛk/,sac,/sak/
sein,/sɛ̃/,c,/se/
sein,/sɛ̃/,ce,/sə/
sein,/sɛ̃/,cent,/sɑ̃/
sein,/sɛ̃/,ceux,/sø/
sein,/sɛ̃/,sa,/sa/
sein,/sɛ̃/,sais,/sɛ/
sein,/sɛ̃/,saut,/so/
sein,/sɛ̃/,si,/si/
sein,/sɛ̃/,son,/sɔ̃/
sein,/sɛ̃/,su,/sy/
selon,/səlɔ̃/,salon,/salɔ̃/
sens,/sɑ̃s/,sas,/sas/
sens,/sɑ̃s/,six,/sis/
serveur,/sɛʁvœʁ/,servir,/sɛʁviʁ/
seul,/sœl/,sel,/sɛl/
seul,/sœl/,sol,/sɔl/
si,/si/,c,/se/
si,/si/,ce,/sə/
si,/si/,sa,/sa/
six,/sis/,sas,/sas/
sol,/sɔl/,sel,/sɛl/
sombre,/sɔ̃bʁ/,sobre,/sɔbʁ/
son,/sɔ̃/,c,/se/
son,/sɔ̃/,ce,/sə/
son,/sɔ̃/,sa,/sa/
son,/sɔ̃/,si,/si/
son,/sɔ̃/,su,/sy/
sort,/sɔʁ/,sert,/sɛʁ/
sort,/sɔʁ/,sur,/syʁ/
sort,/sɔʁ/,sœur,/sœʁ/
souci,/susi/,ceci,/səsi/
souple,/supl/,simple,/sɛ̃pl/
sous,/su/,c,/se/
sous,/su/,ce,/sə/
sous,/su/,cent,/sɑ̃/
sous,/su/,ceux,/sø/
sous,/su/,sa,/sa/
sous,/su/,sais,/sɛ/
sous,/su/,saut,/so/
sous,/su/,sein,/sɛ̃/
sous,/su/,si,/si/
sous,/su/,son,/sɔ̃/
su,/sy/,c,/se/
su,/sy/,ce,/sə/
su,/sy/,sa,/sa/
su,/sy/,si,/si/
sœur,/sœʁ/,sert,/sɛʁ/
sœur,/sœʁ/,sur,/syʁ/
taux,/to/,t,/te/
taux,/to/,te,/tə/
taux,/to/,tu,/ty/
te,/tə/,t,/te/
teint,/tɛ̃/,t,/te/
teint,/tɛ̃/,te,/tə/
teint,/tɛ̃/,tout,/tu/
teint,/tɛ̃/,tu,/ty/
temps,/tɑ̃/,te,/tə/
temps,/tɑ̃/,teint,/tɛ̃/
temps,/tɑ̃/,ton,/tɔ̃/
teneur,/tənœʁ/,tenir,/təniʁ/
ton,/tɔ̃/,t,/te/
ton,/tɔ̃/,te,/tə/
ton,/tɔ̃/,tu,/ty/
tort,/tɔʁ/,tard,/taʁ/
tort,/tɔʁ/,tire,/tiʁ/
tour,/tuʁ/,tard,/taʁ/
tour,/tuʁ/,tort,/tɔʁ/
tout,/tu/,t,/te/
tout,/tu/,taux,/to/
tout,/tu/,te,/tə/
tout,/tu/,ton,/tɔ̃/
train,/tʁɛ̃/,trou,/tʁu/
trait,/tʁɛ/,trop,/tʁo/
trou,/tʁu/,trop,/tʁo/
tu,/ty/,t,/te/
tu,/ty/,te,/tə/
type,/tip/,top,/tɔp/
u,/y/,a,/a/
u,/y/,e,/ə/
u,/y/,i,/i/
u,/y/,o,/o/
un,/œ̃/,a,/a/
un,/œ̃/,e,/ə/
un,/œ̃/,et,/e/
un,/œ̃/,i,/i/
un,/œ̃/,o,/o/
un,/œ̃/,on,/ɔ̃/
un,/œ̃/,ou,/u/
un,/œ̃/,u,/y/
une,/yn/,n,/ɛn/
va,/va/,v,/ve/
veau,/vo/,v,/ve/
veau,/vo/,va,/va/
veau,/vo/,vin,/vɛ̃/
veau,/vo/,vue,/vy/
vent,/vɑ̃/,v,/ve/
vent,/vɑ̃/,va,/va/
vent,/vɑ̃/,veau,/vo/
vent,/vɑ̃/,vie,/vi/
vent,/vɑ̃/,vin,/vɛ̃/
vent,/vɑ̃/,vue,/vy/
vente,/vɑ̃t/,vote,/vɔt/
ventre,/vɑ̃tʁ/,votre,/vɔtʁ/
veulent,/vœl/,val,/val/
veulent,/vœl/,ville,/vil/
veulent,/vœl/,vol,/vɔl/
veut,/vø/,v,/ve/
veut,/vø/,va,/va/
veut,/vø/,veau,/vo/
veut,/vø/,vent,/vɑ̃/
veut,/vø/,vie,/vi/
veut,/vø/,vin,/vɛ̃/
veut,/vø/,vue,/vy/
vie,/vi/,v,/ve/
vie,/vi/,va,/va/
vieux,/vjø/,via,/vja/
vieux,/vjø/,vient,/vjɛ̃/
vin,/vɛ̃/,v,/ve/
vin,/vɛ̃/,va,/va/
vin,/vɛ̃/,vie,/vi/
vogue,/vɔɡ/,vague,/vaɡ/
vol,/vɔl/,val,/val/
volet,/vɔlɛ/,voler,/vɔle/
vont,/vɔ̃/,v,/ve/
vont,/vɔ̃/,va,/va/
vont,/vɔ̃/,vent,/vɑ̃/
vont,/vɔ̃/,veut,/vø/
vont,/vɔ̃/,vie,/vi/
vont,/vɔ̃/,vin,/vɛ̃/
vont,/vɔ̃/,vue,/vy/
vote,/vɔt/,vite,/vit/
voulait,/vulɛ/,volet,/vɔlɛ/
voulez,/vule/,voler,/vɔle/
vous,/vu/,v,/ve/
vous,/vu/,va,/va/
vous,/vu/,vent,/vɑ̃/
vous,/vu/,veut,/vø/
vous,/vu/,vin,/vɛ̃/
vous,/vu/,vont,/vɔ̃/
vue,/vy/,v,/ve/
vue,/vy/,va,/va/
vue,/vy/,vin,/vɛ̃/
écrin,/ekʁɛ̃/,écran,/ekʁɑ̃/
écrit,/ekʁi/,écrin,/ekʁɛ̃/
élan,/elɑ̃/,élu,/ely/
émis,/emi/,ami,/ami/
émis,/emi/,émet,/emɛ/
éprouve,/epʁuv/,épreuve,/epʁœv/
était,/etɛ/,été,/ete/
étant,/etɑ̃/,était,/etɛ/
étant,/etɑ̃/,état,/eta/
étant,/etɑ̃/,été,/ete/
état,/eta/,été,/ete/
